{
  "mean": [
    19.94462,
    15.548134999999998,
    25.579114999999998,
    67.40794,
    28.308961007409998,
    7.447268195862,
    0.8779369817944999,
    20.561939962674465,
    47.4692161353983,
    1.9
  ],
  "scale": [
    6.375977317682365,
    5.725744036522677,
    7.429124791439096,
    11.42522109879717,
    9.542780391724557,
    3.5273891290702766,
    0.6901692973725315,
    7.000488083804127,
    7.626564035641168,
    0.7
  ],
  "features": [
    "tmean",
    "tmin",
    "tmax",
    "humidite",
    "Ra",
    "ETo",
    "VPD",
    "soil_temp",
    "soil_moisture",
    "categorie"
  ]
}